"id";"code";"name";"image";"level";"lv1_code";"lv1_name";"lv2_code";"lv2_name";"pinyin";"remark";"sub_cats"
"344";"042001";"家具";"";"3";"04";"生活百货";"0420";"家具家装";"042001shenghuobaihuojiajujiazhuangjiaju";"桌，椅，床，衣柜，电视柜，茶几";""
"343";"0420";"家具家装";"";"2";"04";"生活百货";"";"";"0420shenghuobaihuojiajujiazhuang";"";""
"319";"041818";"汽车用品";"";"3";"04";"生活百货";"0418";"家庭日用";"041818shenghuobaihuojiatingriyongqicheyongpin";"";""
"315";"041814";"床上用品";"";"3";"04";"生活百货";"0418";"家庭日用";"041814shenghuobaihuojiatingriyongchuangshangyongpin";"被子，枕头，凉席，蚊帐，床单，被套，枕套，枕巾，床垫等";""
"314";"041813";"五金电工";"";"3";"04";"生活百货";"0418";"家庭日用";"041813shenghuobaihuojiatingriyongwujindiangong";"水龙头，螺丝刀，扳手等。";""
"106";"030805";"湿纸巾";"https://s3.cn-north-1.amazonaws.com.cn/cmb/store_item/ff74f405-b013-340e-a6ab-12ac35328f08_ori.jpg";"3";"03";"日化清洁";"0308";"生活用纸";"030805rihuaqingjishenghuoyongzhishizhijin";"";""
"168";"00";"一级总类";"";"1";"";"";"";"";"00yijizonglei";"";""
"280";"0301";"美妆洗护";"";"2";"03";"日化清洁";"";"";"0301rihuaqingjimeizhuangxihu";"";""
"270";"020313";"调味粉料";"";"3";"02";"食品类";"0203";"粮油调味";"020313shipinleiliangyoudiaoweidiaoweifenliao";"胡椒粉，调味粉，油炸粉，发酵粉等";""
"250";"020112";"糕点";"";"3";"02";"食品类";"0201";"休闲食品";"020112shipinleixiuxianshipingaodian";"面包，派类，麻花，沙琪玛，麻糬，提拉米苏，卷，吐司";""
"240";"010409";"果酒";"";"3";"01";"饮品类";"0104";"酒类";"010409yinpinleijiuleiguojiu";"苹果酒，梅子酒，各种非葡萄的水果酒";""
"236";"010306";"果味类";"";"3";"01";"饮品类";"0103";"冲饮类";"010306yinpinleichongyinleiguoweilei";"酸梅，果味，浓浆，香蕉，橘子";""
"420";"0601";"香烟";"";"2";"06";"特殊品类";"";"";"0601teshupinleixiangyan";"";""
"202";"010202";"加味牛奶";"";"3";"01";"饮品类";"0102";"奶制品类";"010202yinpinleinaizhipinleijiaweiniunai";"香蕉牛奶，牛奶饮料，旺旺";""
"283";"030106";"美容美妆";"";"3";"03";"日化清洁";"0301";"美妆洗护";"030106rihuaqingjimeizhuangxihumeirongmeizhuang";"香水，化妆品，化妆用具";""
"161";"041804";"文体用品";"https://s3.cn-north-1.amazonaws.com.cn/cmb/store_item/685d5610-9419-3eba-a9ce-d04cc9eea8b7_ori.jpg";"3";"04";"生活百货";"0418";"家庭日用";"041804shenghuobaihuojiatingriyongwentiyongpin";"固体胶，胶带，AB胶，502胶水，A4纸灯办公用品，笔记本，笔，相册，乒乓球拍，羽毛球拍，跳绳等";""
"129";"060201";"避孕套";"https://s3.cn-north-1.amazonaws.com.cn/cmb/store_item/4692650b-5f91-377b-b2d5-b2743be9583a_ori.jpg";"3";"06";"特殊品类";"0602";"成人用品";"060201teshupinleichengrenyongpinbiyuntao";"";""
"124";"030104";"口腔护理";"https://s3.cn-north-1.amazonaws.com.cn/cmb/store_item/18e80084-0922-3c15-b907-471689033ac3_ori.jpg";"3";"03";"日化清洁";"0301";"美妆洗护";"030104rihuaqingjimeizhuangxihukouqianghuli";"牙膏，牙刷，漱口水，牙线，牙贴等";""
"119";"030101";"洗发护发";"https://s3.cn-north-1.amazonaws.com.cn/cmb/store_item/3a49ceea-3896-36b4-80cb-1e6d3e782316_ori.jpg";"3";"03";"日化清洁";"0301";"美妆洗护";"030101rihuaqingjimeizhuangxihuxifahufa";"洗发水，护发素，定型啫喱，染发剂等";""
"118";"030910";"清洁用具";"https://s3.cn-north-1.amazonaws.com.cn/cmb/store_item/53bbfefb-1f4d-3ce5-a3da-b57bc372bb3c_ori.jpg";"3";"03";"日化清洁";"0309";"家用清洁";"030910rihuaqingjijiayongqingjiqingjiyongju";"垃圾桶，垃圾袋，刷子，晒衣品类，袖套，洗脸盆等";""
"130";"060202";"情趣用品";"https://s3.cn-north-1.amazonaws.com.cn/cmb/store_item/9a78fd13-bf54-3264-984a-dfdd28832fb1_ori.jpg";"3";"06";"特殊品类";"0602";"成人用品";"060202teshupinleichengrenyongpinqingquyongpin";"润滑液等";""
"105";"030804";"抽纸";"https://s3.cn-north-1.amazonaws.com.cn/cmb/store_item/5a8fd839-b918-34d7-be5f-196aac81129e_ori.jpg";"3";"03";"日化清洁";"0308";"生活用纸";"030804rihuaqingjishenghuoyongzhichouzhi";"";""
"102";"030801";"卷筒纸";"https://s3.cn-north-1.amazonaws.com.cn/cmb/store_item/20d6c837-e159-30da-be36-2caa2ce229f8_ori.jpg";"3";"03";"日化清洁";"0308";"生活用纸";"030801rihuaqingjishenghuoyongzhijuantongzhi";"";""
"84";"020306";"调味糖类";"https://s3.cn-north-1.amazonaws.com.cn/cmb/store_item/0b04a52b-096f-30d7-9136-e101cbd758ce_ori.jpg";"3";"02";"食品类";"0203";"粮油调味";"020306shipinleiliangyoudiaoweidiaoweitanglei";"白砂糖，冰糖，方糖等";""
"81";"020303";"调味酱类";"https://s3.cn-north-1.amazonaws.com.cn/cmb/store_item/4040d4ec-c988-32b4-8038-48d0ccb45e9e_ori.jpg";"3";"02";"食品类";"0203";"粮油调味";"020303shipinleiliangyoudiaoweidiaoweijianglei";"酱油，醋，料酒，蚝油，调味酱，面包酱，沙拉酱，腐乳，番茄酱，火锅调料等";""
"73";"010403";"啤酒";"https://s3.cn-north-1.amazonaws.com.cn/cmb/store_item/cea24365-967f-31d3-abce-407280a828b7_ori.jpg";"3";"01";"饮品类";"0104";"酒类";"010403yinpinleijiuleipijiu";"";""
"72";"010402";"洋酒";"https://s3.cn-north-1.amazonaws.com.cn/cmb/store_item/eff77daf-3027-3fb1-ac83-9e8fbc371427_ori.jpg";"3";"01";"饮品类";"0104";"酒类";"010402yinpinleijiuleiyangjiu";"";""
"27";"010107";"功能饮料";"https://s3.cn-north-1.amazonaws.com.cn/cmb/store_item/f262436d-2056-3f33-8ec7-7eaf2e368fe2_ori.jpg";"3";"01";"饮品类";"0101";"饮料类";"010107yinpinleiyinliaoleigongnengyinliao";"";""
"21";"010101";"饮用水";"https://s3.cn-north-1.amazonaws.com.cn/cmb/store_item/7f348815-f50d-3e39-b3c3-87fb53e35659_ori.jpg";"3";"01";"饮品类";"0101";"饮料类";"010101yinpinleiyinliaoleiyinyongshui";"矿泉水，纯净水，蒸馏水，苏打水等";""
"18";"041802";"母婴用品";"";"3";"04";"生活百货";"0418";"家庭日用";"041802shenghuobaihuojiatingriyongmuyingyongpin";"奶瓶，奶嘴，围嘴，口水肩，哈衣，宝宝益智，宝宝玩具";""
"3";"0101";"饮料类";"";"2";"01";"饮品类";"";"";"0101yinpinleiyinliaolei";"";""
"25";"010105";"茶饮料";"https://s3.cn-north-1.amazonaws.com.cn/cmb/store_item/eda77602-41ee-35ff-9d47-b87c3dc3f5bd_ori.jpg";"3";"01";"饮品类";"0101";"饮料类";"010105yinpinleiyinliaoleichayinliao";"乌龙茶，大麦茶，绿茶，红茶，绿茶，茉莉花茶等各种即饮茶类";""
"281";"030102";"面部洗护";"";"3";"03";"日化清洁";"0301";"美妆洗护";"030102rihuaqingjimeizhuangxihumianbuxihu";"洗面奶，面膜，水乳，防晒，面乳，面霜等";""
"235";"010305";"咖啡奶茶类";"";"3";"01";"饮品类";"0103";"冲饮类";"010305yinpinleichongyinleikafeinaichalei";"咖啡，奶茶，咖啡奶茶";""
"316";"041815";"鞋类";"";"3";"04";"生活百货";"0418";"家庭日用";"041815shenghuobaihuojiatingriyongxielei";"男女拖鞋，儿童拖鞋，雨靴，雨鞋，鞋垫，鞋带等";""
"380";"0502";"加工饮品";"";"2";"05";"自采加工";"";"";"0502zicaijiagongjiagongyinpin";"";""
"360";"0501";"加工热食";"";"2";"05";"自采加工";"";"";"0501zicaijiagongjiagongreshi";"";""
"340";"0419";"宠物用品";"";"2";"04";"生活百货";"";"";"0419shenghuobaihuochongwuyongpin";"";""
"318";"041817";"卫浴用品";"";"3";"04";"生活百货";"0418";"家庭日用";"041817shenghuobaihuojiatingriyongweiyuyongpin";"马桶垫，马桶盖，淋浴喷头，洗手盆等";""
"317";"041816";"首饰类";"";"3";"04";"生活百货";"0418";"家庭日用";"041816shenghuobaihuojiatingriyongshoushilei";"";""
"312";"041811";"纺织类";"";"3";"04";"生活百货";"0418";"家庭日用";"041811shenghuobaihuojiatingriyongfangzhilei";"毛巾，浴巾，袜子，内衣，衣服等";""
"311";"041810";"休闲娱乐";"";"3";"04";"生活百货";"0418";"家庭日用";"041810shenghuobaihuojiatingriyongxiuxianyule";"耳机，mp3，玩具，棋牌类等";""
"310";"041805";"报刊书籍";"";"3";"04";"生活百货";"0418";"家庭日用";"041805shenghuobaihuojiatingriyongbaokanshuji";"";""
"232";"010302";"茶叶类";"";"3";"01";"饮品类";"0103";"冲饮类";"010302yinpinleichongyinleichayelei";"茶叶，茶包，茶砖，铁观音，普洱，碧螺春，毛峰，毛尖，白菊，龙井，竹叶青，菊，大红袍，白毫，姜茶，花";""
"231";"010301";"奶粉类";"";"3";"01";"饮品类";"0103";"冲饮类";"010301yinpinleichongyinleinaifenlei";"成人奶粉，婴幼奶粉，奶米粉，婴儿营养食品，速溶牛奶，蛋白";""
"230";"0103";"冲饮类";"";"2";"01";"饮品类";"";"";"0103yinpinleichongyinlei";"";""
"204";"010204";"植物蛋白";"";"3";"01";"饮品类";"0102";"奶制品类";"010204yinpinleinaizhipinleizhiwudanbai";"豆浆，杏仁露，核桃露，花生露，豆奶";""
"201";"010201";"纯牛奶";"";"3";"01";"饮品类";"0102";"奶制品类";"010201yinpinleinaizhipinleichunniunai";"纯牛奶，鲜奶，高钙，浓缩，脱脂，全脂，低脂，鲜牛奶，熟牛奶，低乳糖，炼乳";""
"200";"0102";"奶制品类";"";"2";"01";"饮品类";"";"";"0102yinpinleinaizhipinlei";"";""
"176";"06";"特殊品类";"";"1";"";"";"";"";"06teshupinlei";"";""
"109";"030901";"清洁剂";"https://s3.cn-north-1.amazonaws.com.cn/cmb/store_item/7a6639b0-78bc-3bbe-8670-0c07ba36ba0d_ori.jpg";"3";"03";"日化清洁";"0309";"家用清洁";"030901rihuaqingjijiayongqingjiqingjiji";"洗洁精，消毒液，漂泊剂，去污剂，洁厕灵，各类专用清洁用品，如地板，沙发等";""
"104";"030803";"手帕纸";"https://s3.cn-north-1.amazonaws.com.cn/cmb/store_item/a5dee140-b897-33c5-a343-8ee5c17eb219_ori.jpg";"3";"03";"日化清洁";"0308";"生活用纸";"030803rihuaqingjishenghuoyongzhishoupazhi";"";""
"76";"010406";"葡萄酒";"https://s3.cn-north-1.amazonaws.com.cn/cmb/store_item/70a68cce-ee06-3090-846b-9aecfbfd0ccd_ori.jpg";"3";"01";"饮品类";"0104";"酒类";"010406yinpinleijiuleiputaojiu";"";""
"71";"010401";"保健酒";"https://s3.cn-north-1.amazonaws.com.cn/cmb/store_item/a94cc311-90ab-3d29-b2e8-b1b1b40ac6a9_ori.jpg";"3";"01";"饮品类";"0104";"酒类";"010401yinpinleijiuleibaojianjiu";"";""
"404";"050304";"海鲜水产";"";"3";"05";"自采加工";"0503";"外采类";"050304zicaijiagongwaicaileihaixianshuichan";"";""
"42";"020202";"熟食类";"https://s3.cn-north-1.amazonaws.com.cn/cmb/store_item/d97c625b-53e0-3b0b-bf67-fbde5e9ae521_ori.jpg";"3";"02";"食品类";"0202";"方便速食";"020202shipinleifangbiansushishushilei";"香肠，火腿肠，家常熟食，鲜蛋和加工蛋等";""
"39";"020110";"雪糕冷饮";"https://s3.cn-north-1.amazonaws.com.cn/cmb/store_item/d9d60db6-08dd-3021-acf5-4cdb4ab7c515_ori.jpg";"3";"02";"食品类";"0201";"休闲食品";"020110shipinleixiuxianshipinxuegaolengyin";"";""
"38";"020109";"巧克力";"https://s3.cn-north-1.amazonaws.com.cn/cmb/store_item/6316f722-6cfe-338f-b366-d363563c3504_ori.jpg";"3";"02";"食品类";"0201";"休闲食品";"020109shipinleixiuxianshipinqiaokeli";"";""
"37";"020108";"糖果";"https://s3.cn-north-1.amazonaws.com.cn/cmb/store_item/b0be54fa-f343-3ca8-a908-a5c3c33b15dd_ori.jpg";"3";"02";"食品类";"0201";"休闲食品";"020108shipinleixiuxianshipintangguo";"";""
"32";"020103";"坚果炒货";"https://s3.cn-north-1.amazonaws.com.cn/cmb/store_item/edcb85e0-981e-385b-b77b-7d594f6c512d_ori.jpg";"3";"02";"食品类";"0201";"休闲食品";"020103shipinleixiuxianshipinjianguochaohuo";"";""
"28";"010108";"果蔬饮料";"https://s3.cn-north-1.amazonaws.com.cn/cmb/store_item/98d2c6a4-7404-3208-bc9f-1a6c77d753d7_ori.jpg";"3";"01";"饮品类";"0101";"饮料类";"010108yinpinleiyinliaoleiguoshuyinliao";"NFC，20%果汁，酸梅汤，葡萄汁，沙棘汁";""
"24";"010203";"酸奶";"https://s3.cn-north-1.amazonaws.com.cn/cmb/store_item/232d01e0-7e3e-39a9-9dd6-e4764f4e910d_ori.jpg";"3";"01";"饮品类";"0102";"奶制品类";"010203yinpinleinaizhipinleisuannai";"酸奶";""
"20";"0418";"家庭日用";"";"2";"04";"生活百货";"";"";"0418shenghuobaihuojiatingriyong";"";""
"14";"0602";"成人用品";"";"2";"06";"特殊品类";"";"";"0602teshupinleichengrenyongpin";"";""
"11";"0309";"家用清洁";"";"2";"03";"日化清洁";"";"";"0309rihuaqingjijiayongqingji";"";""
"10";"0308";"生活用纸";"";"2";"03";"日化清洁";"";"";"0308rihuaqingjishenghuoyongzhi";"";""
"8";"0203";"粮油调味";"";"2";"02";"食品类";"";"";"0203shipinleiliangyoudiaowei";"";""
"7";"0104";"酒类";"";"2";"01";"饮品类";"";"";"0104yinpinleijiulei";"";""
"4";"0201";"休闲食品";"";"2";"02";"食品类";"";"";"0201shipinleixiuxianshipin";"";""
"50";"020210";"速食料理";"https://s3.cn-north-1.amazonaws.com.cn/cmb/store_item/39bf9dbb-6feb-3d81-849a-0d767a61bf20_ori.jpg";"3";"02";"食品类";"0202";"方便速食";"020210shipinleifangbiansushisushiliaoli";"速食面，速食菜，速食米线，速食米饭，速食汤粥，挂面，干面条";""
"160";"041803";"烟辅用品";"https://s3.cn-north-1.amazonaws.com.cn/cmb/store_item/c423859c-2023-37dc-ad57-ad47853bd0a5_ori.jpg";"3";"04";"生活百货";"0418";"家庭日用";"041803shenghuobaihuojiatingriyongyanfuyongpin";"打火机，打火机油，烟嘴，烟灰缸";""
"175";"05";"自采加工";"";"1";"";"";"";"";"05zicaijiagong";"";""
"174";"04";"生活百货";"";"1";"";"";"";"";"04shenghuobaihuo";"";""
"173";"03";"日化清洁";"";"1";"";"";"";"";"03rihuaqingji";"";""
"172";"02";"食品类";"";"1";"";"";"";"";"02shipinlei";"";""
"171";"01";"饮品类";"";"1";"";"";"";"";"01yinpinlei";"";""
"165";"041808";"居家用具";"https://s3.cn-north-1.amazonaws.com.cn/cmb/store_item/5b2c9cb6-93bc-35fc-9c05-9b7ba8d8017f_ori.jpg";"3";"04";"生活百货";"0418";"家庭日用";"041808shenghuobaihuojiatingriyongjujiayongju";"数据线，雨伞，雨披，杯子，水壶，口罩，皂盒，牙具盒等";""
"421";"060101";"国产香烟";"";"3";"06";"特殊品类";"0601";"香烟";"060101teshupinleixiangyanguochanxiangyan";"";""
"406";"050306";"外采干货";"";"3";"05";"自采加工";"0503";"外采类";"050306zicaijiagongwaicaileiwaicaiganhuo";"坚果炒货";""
"405";"050305";"外采熟食";"";"3";"05";"自采加工";"0503";"外采类";"050305zicaijiagongwaicaileiwaicaishushi";"鸭脖，香肠";""
"403";"050303";"生鲜肉食";"";"3";"05";"自采加工";"0503";"外采类";"050303zicaijiagongwaicaileishengxianroushi";"牛肉，猪肉，排骨，鸡腿，鸡翅等";""
"402";"050302";"水果";"";"3";"05";"自采加工";"0503";"外采类";"050302zicaijiagongwaicaileishuiguo";"";""
"401";"050301";"蔬菜";"";"3";"05";"自采加工";"0503";"外采类";"050301zicaijiagongwaicaileishucai";"";""
"400";"0503";"外采类";"";"2";"05";"自采加工";"";"";"0503zicaijiagongwaicailei";"";""
"385";"050205";"冰激凌";"";"3";"05";"自采加工";"0502";"加工饮品";"050205zicaijiagongjiagongyinpinbingjiling";"";""
"384";"050204";"咖啡奶茶";"";"3";"05";"自采加工";"0502";"加工饮品";"050204zicaijiagongjiagongyinpinkafeinaicha";"";""
"383";"050203";"谷物浓浆";"";"3";"05";"自采加工";"0502";"加工饮品";"050203zicaijiagongjiagongyinpinguwunongjiang";"豆浆";""
"382";"050202";"碳酸";"";"3";"05";"自采加工";"0502";"加工饮品";"050202zicaijiagongjiagongyinpintansuan";"";""
"381";"050201";"果汁";"";"3";"05";"自采加工";"0502";"加工饮品";"050201zicaijiagongjiagongyinpinguozhi";"";""
"364";"050104";"面点主食";"";"3";"05";"自采加工";"0501";"加工热食";"050104zicaijiagongjiagongreshimiandianzhushi";"包子，手抓饼，面包，粥，煎饼";""
"363";"050103";"卤煮类";"";"3";"05";"自采加工";"0501";"加工热食";"050103zicaijiagongjiagongreshiluzhulei";"关东煮，茶叶蛋，玉米";""
"362";"050102";"炸制品";"";"3";"05";"自采加工";"0501";"加工热食";"050102zicaijiagongjiagongreshizhazhipin";"炸串";""
"361";"050101";"烤制品";"";"3";"05";"自采加工";"0501";"加工热食";"050101zicaijiagongjiagongreshikaozhipin";"烤肠";""
"345";"042002";"家装软饰";"";"3";"04";"生活百货";"0420";"家具家装";"042002shenghuobaihuojiajujiazhuangjiazhuangruanshi";"装饰字画，摆件，十字绣，相框，照片墙，墙贴，装饰贴，花盆，花瓶，隔断，家庭饰品";""
"342";"041902";"宠物用具";"";"3";"04";"生活百货";"0419";"宠物用品";"041902shenghuobaihuochongwuyongpinchongwuyongju";"";""
"341";"041901";"宠物食品";"";"3";"04";"生活百货";"0419";"宠物用品";"041901shenghuobaihuochongwuyongpinchongwushipin";"猫粮，猫沙，狗粮，鸟食，鱼饲料，动物饼干等";""
"313";"041812";"医药箱类";"";"3";"04";"生活百货";"0418";"家庭日用";"041812shenghuobaihuojiatingriyongyiyaoxianglei";"家庭常备的OTC药品，创可贴，卫生棉球，泡腾片，云南白药等";""
"422";"060102";"进口香烟";"";"3";"06";"特殊品类";"0601";"香烟";"060102teshupinleixiangyanjinkouxiangyan";"";""
"300";"030903";"光亮剂";"";"3";"03";"日化清洁";"0309";"家用清洁";"030903rihuaqingjijiayongqingjiguangliangji";"皮革，金属，皮鞋，家具上光剂，地板蜡等";""
"292";"030810";"女士卫生用品";"";"3";"03";"日化清洁";"0308";"生活用纸";"030810rihuaqingjishenghuoyongzhinvshiweishengyongpin";"卫生巾，卫生棉等";""
"291";"030809";"纸尿裤";"";"3";"03";"日化清洁";"0308";"生活用纸";"030809rihuaqingjishenghuoyongzhizhiniaoku";"纸尿裤，纸尿垫";""
"302";"030905";"驱虫剂";"";"3";"03";"日化清洁";"0309";"家用清洁";"030905rihuaqingjijiayongqingjiquchongji";"蚊香片，蚊香液，喷雾杀虫剂，香薰贴等";""
"90";"020312";"干货类";"https://s3.cn-north-1.amazonaws.com.cn/cmb/store_item/72f52800-230a-3e37-88e2-6808ddbb0be1_ori.jpg";"3";"02";"食品类";"0203";"粮油调味";"020312shipinleiliangyoudiaoweiganhuolei";"香料类，可食用的干货，如干海带";""
"83";"020305";"味精鸡精";"https://s3.cn-north-1.amazonaws.com.cn/cmb/store_item/0c173a7e-efe7-3618-bbcb-63ed8bf72c10_ori.jpg";"3";"02";"食品类";"0203";"粮油调味";"020305shipinleiliangyoudiaoweiweijingjijing";"";""
"78";"010408";"黄酒";"https://s3.cn-north-1.amazonaws.com.cn/cmb/store_item/006dda72-93f9-366d-a23d-95ace59d1ec1_ori.jpg";"3";"01";"饮品类";"0104";"酒类";"010408yinpinleijiuleihuangjiu";"";""
"77";"010407";"预调酒";"https://s3.cn-north-1.amazonaws.com.cn/cmb/store_item/9150330e-a759-33b7-8392-a99db273d03a_ori.jpg";"3";"01";"饮品类";"0104";"酒类";"010407yinpinleijiuleiyudiaojiu";"鸡尾酒等调味酒";""
"75";"010405";"米酒";"https://s3.cn-north-1.amazonaws.com.cn/cmb/store_item/64ec2572-cf0c-3a97-92a7-3d3845299ac2_ori.jpg";"3";"01";"饮品类";"0104";"酒类";"010405yinpinleijiuleimijiu";"";""
"74";"010404";"白酒";"https://s3.cn-north-1.amazonaws.com.cn/cmb/store_item/f0c31d0d-66f3-3293-a1e5-27a40b781d50_ori.jpg";"3";"01";"饮品类";"0104";"酒类";"010404yinpinleijiuleibaijiu";"";""
"48";"020208";"罐头食品";"https://s3.cn-north-1.amazonaws.com.cn/cmb/store_item/6454cd62-1a63-311b-805c-5807e2b7bd60_ori.jpg";"3";"02";"食品类";"0202";"方便速食";"020208shipinleifangbiansushiguantoushipin";"各种罐头和八宝粥";""
"40";"020111";"果冻布丁";"https://s3.cn-north-1.amazonaws.com.cn/cmb/store_item/c3f0003a-5eba-3d27-83f3-64f1100e2ba1_ori.jpg";"3";"02";"食品类";"0201";"休闲食品";"020111shipinleixiuxianshipinguodongbuding";"";""
"36";"020107";"风味素食";"https://s3.cn-north-1.amazonaws.com.cn/cmb/store_item/e94eb3b6-e7ef-3e27-af73-1238b18ad545_ori.jpg";"3";"02";"食品类";"0201";"休闲食品";"020107shipinleixiuxianshipinfengweisushi";"豆腐干";""
"35";"020106";"肉干肉脯";"https://s3.cn-north-1.amazonaws.com.cn/cmb/store_item/06667dee-7d71-3b58-a334-64f66d531d52_ori.jpg";"3";"02";"食品类";"0201";"休闲食品";"020106shipinleixiuxianshipinrouganroufu";"";""
"34";"020105";"膨化食品";"https://s3.cn-north-1.amazonaws.com.cn/cmb/store_item/6c8b3c01-0c3a-3186-b393-a299c6ef1cdc_ori.jpg";"3";"02";"食品类";"0201";"休闲食品";"020105shipinleixiuxianshipinpenghuashipin";"薯片，薯條，山藥片，玉米片，威化等";""
"33";"020104";"饼干";"https://s3.cn-north-1.amazonaws.com.cn/cmb/store_item/ee2ade15-08c2-30d8-bfb1-c536fab758f0_ori.jpg";"3";"02";"食品类";"0201";"休闲食品";"020104shipinleixiuxianshipinbinggan";"饼干，曲奇";""
"31";"020102";"口香糖";"https://s3.cn-north-1.amazonaws.com.cn/cmb/store_item/db0e63b6-2602-3465-94cf-cfd9616deea8_ori.jpg";"3";"02";"食品类";"0201";"休闲食品";"020102shipinleixiuxianshipinkouxiangtang";"";""
"290";"030808";"吸水纸";"";"3";"03";"日化清洁";"0308";"生活用纸";"030808rihuaqingjishenghuoyongzhixishuizhi";"";""
"164";"041807";"一次性用品";"https://s3.cn-north-1.amazonaws.com.cn/cmb/store_item/38952230-6368-31d6-95d0-5a1053d970ff_ori.jpg";"3";"04";"生活百货";"0418";"家庭日用";"041807shenghuobaihuojiatingriyongyicixingyongpin";"一次性筷子，牙签，棉签，手套，一次性暖宝宝等";""
"158";"041801";"家居电器";"https://s3.cn-north-1.amazonaws.com.cn/cmb/store_item/56679924-7960-32c6-bb81-5fb9344c3b13_ori.jpg";"3";"04";"生活百货";"0418";"家庭日用";"041801shenghuobaihuojiatingriyongjiajudianqi";"加湿器，热水器等小型电器，电动牙刷，电动剃须刀，充电宝，电池，插线板，手电";""
"135";"030103";"沐浴护肤";"https://s3.cn-north-1.amazonaws.com.cn/cmb/store_item/4774938a-5d03-397e-a07d-80359bcec9a7_ori.jpg";"3";"03";"日化清洁";"0301";"美妆洗护";"030103rihuaqingjimeizhuangxihumuyuhufu";"香皂，沐浴露，香波，身体乳，护手霜，洗手液，洗液，爽身粉(通用)，痱子粉(通用)等";""
"110";"030902";"洗衣类";"https://s3.cn-north-1.amazonaws.com.cn/cmb/store_item/2a1836b1-b4e6-32f6-a689-f4915f51bd04_ori.jpg";"3";"03";"日化清洁";"0309";"家用清洁";"030902rihuaqingjijiayongqingjixiyilei";"洗衣粉，洗衣液，柔顺剂，衣领净，专用衣物洗涤等";""
"101";"020311";"五谷杂粮";"https://s3.cn-north-1.amazonaws.com.cn/cmb/store_item/862c0992-b21f-32f3-98af-a09b0c6011e2_ori.jpg";"3";"02";"食品类";"0203";"粮油调味";"020311shipinleiliangyoudiaoweiwuguzaliang";"米谷类，面粉类，杂粮等";""
"91";"020301";"食用油";"https://s3.cn-north-1.amazonaws.com.cn/cmb/store_item/96723811-1d7b-395f-b327-29b0a5d8b241_ori.jpg";"3";"02";"食品类";"0203";"粮油调味";"020301shipinleiliangyoudiaoweishiyongyou";"调和油，非调和油，橄榄油，色拉油等";""
"41";"020201";"腌制品类";"https://s3.cn-north-1.amazonaws.com.cn/cmb/store_item/c2bbaac5-5fe6-3f35-8322-02a55e8e88ef_ori.jpg";"3";"02";"食品类";"0202";"方便速食";"020201shipinleifangbiansushiyanzhipinlei";"酱菜，腌制蔬菜，腌制肉类，腌制水产类等";""
"88";"020310";"调味盐类";"https://s3.cn-north-1.amazonaws.com.cn/cmb/store_item/30e8ecc5-0735-3a0d-af27-270a74e9a8ed_ori.jpg";"3";"02";"食品类";"0203";"粮油调味";"020310shipinleiliangyoudiaoweidiaoweiyanlei";"";""
"30";"020101";"果干蜜饯";"https://s3.cn-north-1.amazonaws.com.cn/cmb/store_item/5f825bb3-2569-34c6-be4c-8e67e71d160f_ori.jpg";"3";"02";"食品类";"0201";"休闲食品";"020101shipinleixiuxianshipinguoganmijian";"";""
"26";"010106";"碳酸饮料";"https://s3.cn-north-1.amazonaws.com.cn/cmb/store_item/22899ca4-24aa-3fcc-ae1f-be1bd79f6851_ori.jpg";"3";"01";"饮品类";"0101";"饮料类";"010106yinpinleiyinliaoleitansuanyinliao";"";""
"23";"010103";"即饮咖啡";"https://s3.cn-north-1.amazonaws.com.cn/cmb/store_item/929bb07a-e70d-39ca-853d-0b3f112b3b73_ori.jpg";"3";"01";"饮品类";"0101";"饮料类";"010103yinpinleiyinliaoleijiyinkafei";"浓缩咖啡，马琪雅朵， 美式咖啡，白咖啡，康宝蓝， 摩卡咖啡，卡布奇诺，拿铁咖啡，焦糖玛琪朵，维也纳咖啡， 爱尔兰咖啡， 盐咖啡";""
"5";"0202";"方便速食";"";"2";"02";"食品类";"";"";"0202shipinleifangbiansushi";"";""
"49";"020209";"速冻食品";"https://s3.cn-north-1.amazonaws.com.cn/cmb/store_item/88c11ba8-a6a0-371d-aaba-7355990767d8_ori.jpg";"3";"02";"食品类";"0202";"方便速食";"020209shipinleifangbiansushisudongshipin";"冷冻肉，冷冻蔬菜，冷冻面点，冷冻熟食，禽类产品等";""
"301";"030904";"室内除臭剂";"";"3";"03";"日化清洁";"0309";"家用清洁";"030904rihuaqingjijiayongqingjishineichuchouji";"清新剂，清新盒，干燥剂等";""
"284";"030107";"婴童洗护";"";"3";"03";"日化清洁";"0301";"美妆洗护";"030107rihuaqingjimeizhuangxihuyingtongxihu";"婴儿，儿童专用洗护";""
"282";"030105";"洗护工具";"";"3";"03";"日化清洁";"0301";"美妆洗护";"030105rihuaqingjimeizhuangxihuxihugongju";"手工剃须刀，刀片等（男用，女用），剃须泡，耳挖，鼻毛剪，去死皮刀，指甲刀，梳子，暗疮针，洗脸扑，沐浴花，拉背条，洗澡巾等";""
"234";"010304";"五谷冲调类";"";"3";"01";"饮品类";"0103";"冲饮类";"010304yinpinleichongyinleiwuguchongdiaolei";"黑芝麻糊，麦片，燕麦，豆浆粉，豆奶粉，豆粉，五谷米粉，核桃粉";""
"233";"010303";"营养保健类";"";"3";"01";"饮品类";"0103";"冲饮类";"010303yinpinleichongyinleiyingyangbaojianlei";"减肥，滋补，补血养颜，减脂增肌，蜂蜜，补钙，滋补红糖，秋梨膏，生姜，姜，莲子，龟苓膏，胶，蜜，营养，葡萄糖，花粉，牛骨";""
"166";"041809";"厨房用具";"https://s3.cn-north-1.amazonaws.com.cn/cmb/store_item/3aa0015b-41d2-3181-a016-a42557ce99cb_ori.jpg";"3";"04";"生活百货";"0418";"家庭日用";"041809shenghuobaihuojiatingriyongchufangyongju";"锅碗瓢铲，调料盒，保鲜膜，削皮器，厨房用纸";""
